[
    {
        "Name": "Stunning Victorian",
        "Address__c": "18 Henry st",
        "City__c": "Cambridge",
        "State__c": "MA",
        "Zip__c": "01742",
        "Price__c": 975000,
        "Title__c": "Stunning Victorian",
        "Beds__c": 4,
        "Baths__c": 3,
        "Location__Longitude__s": -71.11095,
        "Location__Latitude__s": 42.35663,
        "Picture__c": "https://s3-us-west-1.amazonaws.com/sfdc-demo/realty/house01.jpg",
        "Thumbnail__c": "https://s3-us-west-1.amazonaws.com/sfdc-demo/realty/house01sq.jpg",
        "Tags__c": "victorian",
        "Description__c": "Lorem ipsum dolor sit amet",
        "Broker__r": {
            "Broker_Id__c": 1
        }
    },
    {
        "Name": "Ultimate Sophistication",
        "Address__c": "24 Pearl st",
        "City__c": "Cambridge",
        "State__c": "MA",
        "Zip__c": "02420",
        "Price__c": 1200000,
        "Title__c": "Ultimate Sophistication",
        "Beds__c": 5,
        "Baths__c": 4,
        "Location__Longitude__s": -71.10869,
        "Location__Latitude__s": 42.359103,
        "Picture__c": "https://s3-us-west-1.amazonaws.com/sfdc-demo/realty/house02.jpg",
        "Thumbnail__c": "https://s3-us-west-1.amazonaws.com/sfdc-demo/realty/house02sq.jpg",
        "Tags__c": "colonial",
        "Description__c": "Lorem ipsum dolor sit amet",
        "Broker__r": {
            "Broker_Id__c": 2
        }
    },
    {
        "Name": "Modern City Living",
        "Address__c": "72 Francis st",
        "City__c": "Boston",
        "State__c": "MA",
        "Zip__c": "02420",
        "Price__c": 825000,
        "Title__c": "Modern City Living",
        "Beds__c": 5,
        "Baths__c": 4,
        "Location__Longitude__s": -71.106827,
        "Location__Latitude__s": 42.335435,
        "Picture__c": "https://s3-us-west-1.amazonaws.com/sfdc-demo/realty/house03.jpg",
        "Thumbnail__c": "https://s3-us-west-1.amazonaws.com/sfdc-demo/realty/house03sq.jpg",
        "Tags__c": "contemporary",
        "Description__c": "Lorem ipsum dolor sit amet",
        "Broker__r": {
            "Broker_Id__c": 3
        }
    },
    {
        "Name": "Stunning Colonial",
        "Address__c": "32 Prince st",
        "City__c": "Cambridge",
        "State__c": "MA",
        "Zip__c": "02420",
        "Price__c": 930000,
        "Title__c": "Stunning Colonial",
        "Beds__c": 5,
        "Baths__c": 4,
        "Location__Longitude__s": -71.110448,
        "Location__Latitude__s": 42.360642,
        "Picture__c": "https://s3-us-west-1.amazonaws.com/sfdc-demo/realty/house04.jpg",
        "Thumbnail__c": "https://s3-us-west-1.amazonaws.com/sfdc-demo/realty/house04sq.jpg",
        "Tags__c": "colonial",
        "Description__c": "Lorem ipsum dolor sit amet",
        "Broker__r": {
            "Broker_Id__c": 4
        }
    },
    {
        "Name": "Waterfront in the city",
        "Address__c": "110 Baxter Street",
        "City__c": "Boston",
        "State__c": "MA",
        "Zip__c": "02420",
        "Price__c": 850000,
        "Title__c": "Waterfront in the city",
        "Beds__c": 3,
        "Baths__c": 2,
        "Location__Longitude__s": -71.084454,
        "Location__Latitude__s": 42.368168,
        "Picture__c": "https://s3-us-west-1.amazonaws.com/sfdc-demo/realty/house05.jpg",
        "Thumbnail__c": "https://s3-us-west-1.amazonaws.com/sfdc-demo/realty/house05sq.jpg",
        "Tags__c": "contemporary",
        "Description__c": "Lorem ipsum dolor sit amet",
        "Broker__r": {
            "Broker_Id__c": 5
        }
    },
    {
        "Name": "Quiet Retreat",
        "Address__c": "448 Hanover st",
        "City__c": "Boston",
        "State__c": "MA",
        "Zip__c": "02420",
        "Price__c": 725000,
        "Title__c": "Quiet Retreat",
        "Beds__c": 4,
        "Baths__c": 2,
        "Location__Longitude__s": -71.052617,
        "Location__Latitude__s": 42.366855,
        "Picture__c": "https://s3-us-west-1.amazonaws.com/sfdc-demo/realty/house06.jpg",
        "Thumbnail__c": "https://s3-us-west-1.amazonaws.com/sfdc-demo/realty/house06sq.jpg",
        "Tags__c": "colonial",
        "Description__c": "Lorem ipsum dolor sit amet",
        "Broker__r": {
            "Broker_Id__c": 6
        }
    },
    {
        "Name": "City Living",
        "Address__c": "127 Endicott St",
        "City__c": "Boston",
        "State__c": "MA",
        "Zip__c": "02420",
        "Price__c": 450000,
        "Title__c": "City Living",
        "Beds__c": 3,
        "Baths__c": 1,
        "Location__Longitude__s": -71.057352,
        "Location__Latitude__s": 42.365003,
        "Picture__c": "https://s3-us-west-1.amazonaws.com/sfdc-demo/realty/house07.jpg",
        "Thumbnail__c": "https://s3-us-west-1.amazonaws.com/sfdc-demo/realty/house07sq.jpg",
        "Tags__c": "colonial",
        "Description__c": "Lorem ipsum dolor sit amet",
        "Broker__r": {
            "Broker_Id__c": 7
        }
    },
    {
        "Name": "Heart of Harvard Square",
        "Address__c": "48 Brattle st",
        "City__c": "Cambridge",
        "State__c": "MA",
        "Zip__c": "02420",
        "Price__c": 450000,
        "Title__c": "Heart of Harvard Square",
        "Beds__c": 5,
        "Baths__c": 4,
        "Location__Longitude__s": -71.121653,
        "Location__Latitude__s": 42.374117,
        "Picture__c": "https://s3-us-west-1.amazonaws.com/sfdc-demo/realty/house10.jpg",
        "Thumbnail__c": "https://s3-us-west-1.amazonaws.com/sfdc-demo/realty/house10sq.jpg",
        "Tags__c": "victorian",
        "Description__c": "Lorem ipsum dolor sit amet",
        "Broker__r": {
            "Broker_Id__c": 8
        }
    },
    {
        "Name": "Seaport District Retreat",
        "Address__c": "121 Harborwalk",
        "City__c": "Boston",
        "State__c": "MA",
        "Zip__c": "02420",
        "Price__c": 450000,
        "Title__c": "Seaport District Retreat",
        "Beds__c": 3,
        "Baths__c": 3,
        "Location__Longitude__s": -71.049327,
        "Location__Latitude__s": 42.35695,
        "Picture__c": "https://s3-us-west-1.amazonaws.com/sfdc-demo/realty/house09.jpg",
        "Thumbnail__c": "https://s3-us-west-1.amazonaws.com/sfdc-demo/realty/house09sq.jpg",
        "Tags__c": "contemporary",
        "Description__c": "Lorem ipsum dolor sit amet",
        "Broker__r": {
            "Broker_Id__c": 1
        }
    },
    {
        "Name": "Contemporary City Living",
        "Address__c": "640 Harrison Ave",
        "City__c": "Boston",
        "State__c": "MA",
        "Zip__c": "02420",
        "Price__c": 650000,
        "Title__c": "City Living",
        "Beds__c": 2,
        "Baths__c": 2,
        "Location__Longitude__s": -71.068781,
        "Location__Latitude__s": 42.339892,
        "Picture__c": "https://s3-us-west-1.amazonaws.com/sfdc-demo/realty/house08.jpg",
        "Thumbnail__c": "https://s3-us-west-1.amazonaws.com/sfdc-demo/realty/house08sq.jpg",
        "Tags__c": "contemporary",
        "Description__c": "Lorem ipsum dolor sit amet",
        "Broker__r": {
            "Broker_Id__c": 2
        }
    },
    {
        "Name": "Architectural Details",
        "Address__c": "95 Gloucester st",
        "City__c": "Boston",
        "State__c": "MA",
        "Zip__c": "02420",
        "Price__c": 690000,
        "Title__c": "Architectural Details",
        "Beds__c": 3,
        "Baths__c": 3,
        "Location__Latitude__s": 42.349693,
        "Location__Longitude__s": -71.084407,
        "Picture__c": "https://s3-us-west-1.amazonaws.com/sfdc-demo/realty/house11.jpg",
        "Thumbnail__c": "https://s3-us-west-1.amazonaws.com/sfdc-demo/realty/house11sq.jpg",
        "Tags__c": "contemporary",
        "Description__c": "Lorem ipsum dolor sit amet",
        "Broker__r": {
            "Broker_Id__c": 3
        }
    },
    {
        "Name": "Contemporary Luxury",
        "Address__c": "145 Commonwealth ave",
        "City__c": "Boston",
        "State__c": "MA",
        "Zip__c": "02420",
        "Price__c": 845000,
        "Title__c": "Contemporary Luxury",
        "Beds__c": 4,
        "Baths__c": 3,
        "Location__Latitude__s": 42.352466,
        "Location__Longitude__s": -71.075311,
        "Picture__c": "https://s3-us-west-1.amazonaws.com/sfdc-demo/realty/house12.jpg",
        "Thumbnail__c": "https://s3-us-west-1.amazonaws.com/sfdc-demo/realty/house12sq.jpg",
        "Tags__c": "contemporary",
        "Description__c": "Lorem ipsum dolor sit amet",
        "Broker__r": {
            "Broker_Id__c": 4
        }
    }
]